0.8395	
Ampulex_compressa_BND1382	AMPU	0.005
Andrena_asteris_HPG17	ANDR	0.00137
Andrena_nigroaenea_BND531	ANDR	0.00137
Macrotera_echinocacti_BND1092	ANDR	0.00137
Protoxaea_gloriosa_BND217	ANDR	0.00137
Bombus_pennsylvanicus_HPG16	APID	0.00209
Centris_rhodopus_BND615	APID	0.00209
Ceratina_duplex_calcarta_BND657	APID	0.00209
Ctenoplectra_rodhaini_BND984	APID	0.00209
Ericrocis_lata_BND1100	APID	0.00209
Eulaema_meriana_ML179	APID	0.00209
Exoneura_bicolor_BND682	APID	0.00209
Manuelia_gayatina_BND1255	APID	0.00209
Pachymelus_peringueyi_BND986	APID	0.00209
Plebeina_hildebrandti_BND992	APID	0.00209
Thyreus_delumbatus_BND988	APID	0.00209
Xylocopa_virginica_BND1158	APID	0.00209
Arge_humeralis_USNMENT01339627	ARGI	0.00334
Atomacera_decepta_USNMENT01339630	ARGI	0.00334
Schizocerella_lineata_USNMENT01322224	ARGI	0.00334
Aulacus_burquei_USNMENT01339672	AULA	0.01081
Pristaulacus_stigmaterus_USNMENT01322229	AULA	0.01081
Bembix_americana_EX446	BEMB	0.00177
Microbembex_cubana_EX445	BEMB	0.00177
Sphecius_hogardii_EX447	BEMB	0.00177
Epyris_sp1_EX562	BETH	0.00116
Goniozus_sp1_EX555	BETH	0.00116
Pristocerus_sp1_EX552	BETH	0.00116
Acanthocaudus_bicolor_USNMENT01322505	BRAC	0.00772
Acrisis_sp1_USNMENT01322601	BRAC	0.00772
Adelius_sp_nr_fasciipennis_USNMENT01322246	BRAC	0.00772
Ademon_sp1_USNMENT01322504	BRAC	0.00772
Adialytus_sp1_USNMENT01322467	BRAC	0.00772
Agathis_sp1_USNMENT01322249	BRAC	0.00772
Alabagrus_sp3_USNMENT01322247	BRAC	0.00772
Aleiodes_sp1_USNMENT01322233	BRAC	0.00772
Aliolus_spA_USNMENT01322550	BRAC	0.00772
Alysia_sp1_USNMENT01322532	BRAC	0.00772
Apanteles_sp4_USNMENT01322237	BRAC	0.00772
Aphaereta_sp_megalops_USNMENT01322462	BRAC	0.00772
Aphidius_sp4_USNMENT01322235	BRAC	0.00772
Aridelus_sp1_USNMENT01322471	BRAC	0.00772
Ascogaster_provancheri_USNMENT01322454	BRAC	0.00772
Asobara_sp1_USNMENT01322533	BRAC	0.00772
Aspilota_sp2_USNMENT01322446	BRAC	0.00772
Atanycolus_sp_hicoriae_USNMENT01322499	BRAC	0.00772
Aulacodes_nigriventris_USNMENT01322459	BRAC	0.00772
Aulosaphoides_sp1_USNMENT01322583	BRAC	0.00772
Austrozele_sp1_USNMENT01322441	BRAC	0.00772
Neothlipsis_cincta_USNMENT01322251	BRAC	0.00772
Bassus_sp4_USNMENT01322252	BRAC	0.00772
Binodoxys_sp1_USNMENT01322506	BRAC	0.00772
Binodoxys_sp2_USNMENT01322507	BRAC	0.00772
Biosteres_spinaciae_USNMENT01322591	BRAC	0.00772
Blacus_spA_USNMENT01322548	BRAC	0.00772
Bracon_sp1_USNMENT01322232	BRAC	0.00772
Callihormius_bifasciatus_USNMENT01322486	BRAC	0.00772
Cantharoctonus_sp1_USNMENT01322602	BRAC	0.00772
Capitonius_chontalensis_USNMENT01322558	BRAC	0.00772
Cardiochiles_sp1_USNMENT01322431	BRAC	0.00772
Cedria_paradoxa_USNMENT01322582	BRAC	0.00772
Centistes_sp1_USNMENT01322439	BRAC	0.00772
Chaenusa_americana_USNMENT01322482	BRAC	0.00772
Chaenusa_quadriceps_USNMENT01322484	BRAC	0.00772
Charmon_sp1_USNMENT01322560	BRAC	0.00772
Chelonus_Microchelonus_sp1_USNMENT01322561	BRAC	0.00772
Chorebus_posticus_USNMENT01322423	BRAC	0.00772
Chorebus_KPBS_sp7_USNMENT01322422	BRAC	0.00772
Chremylus_elaphus_USNMENT01322599	BRAC	0.00772
Lysitermoides_sp1_USNMENT01322608	BRAC	0.00772
Clinocentrus_sp2_USNMENT01322625	BRAC	0.00772
Coelinius_n_sp_USNMENT01322626	BRAC	0.00772
Coelinius_robinae_USNMENT01322424	BRAC	0.00772
Coelinius_sp1_USNMENT01322508	BRAC	0.00772
Coeloides_scolytivorus_USNMENT01322554	BRAC	0.00772
Coiba_jeffersoni_USNMENT01322487	BRAC	0.00772
Colastes_sp1_USNMENT01322617	BRAC	0.00772
Cosmophorus_sp1_USNMENT01322566	BRAC	0.00772
Cotesia_diacrisiae_USNMENT01322494	BRAC	0.00772
Cratospila_neocirce_USNMENT01322464	BRAC	0.00772
Neocremnops_virginiensis_USNMENT01322238	BRAC	0.00772
Dacnusa_KPBS_sp1_USNMENT01322427	BRAC	0.00772
Dapsilarthra_spA_USNMENT01322536	BRAC	0.00772
Diachasma_muliebre_USNMENT01322592	BRAC	0.00772
Diachasmimorpha_longicaudata_USNMENT01322503	BRAC	0.00772
Digonogastra_eurygaster_USNMENT01322500	BRAC	0.00772
Dinotrema_sp1_USNMENT01322537	BRAC	0.00772
Diolcogaster_sp3_USNMENT01322449	BRAC	0.00772
Diospilus_sp1_USNMENT01322575	BRAC	0.00772
Doryctes_erythromelas_USNMENT01322488	BRAC	0.00772
Doryctobracon_crawfordi_USNMENT01322594	BRAC	0.00772
Earinus_sp1_USNMENT01322461	BRAC	0.00772
Ecphylus_rohweri_USNMENT01322490	BRAC	0.00772
Elasmosoma_sp1_USNMENT01322574	BRAC	0.00772
Ephedrus_sp45_USNMENT01322429	BRAC	0.00772
Epimicta_griffithsi_USNMENT01322426	BRAC	0.00772
Eubazus_sp1_USNMENT01322552	BRAC	0.00772
Exasticolus_sp1_USNMENT01322476	BRAC	0.00772
Exotela_sp2_USNMENT01322456	BRAC	0.00772
Fopius_arisanus_USNMENT01322593	BRAC	0.00772
Glyptapanteles_sp1_USNMENT01322478	BRAC	0.00772
Glyptomorpha_pectoralis_USNMENT01322556	BRAC	0.00772
Gnamptodon_sp1_USNMENT01322440	BRAC	0.00772
Helcon_nunciator_USNMENT01322576	BRAC	0.00772
Heterospilus_sp18_USNMENT01322563	BRAC	0.00772
Histeromerus_sp1_USNMENT01322604	BRAC	0.00772
Homolobus_sp1_USNMENT01322577	BRAC	0.00772
Hoplitalysia_slossonae_USNMENT01322466	BRAC	0.00772
Hormius_sp2_USNMENT01322578	BRAC	0.00772
Hymenochaonia_sp2_USNMENT01322244	BRAC	0.00772
Hypomicrogaster_zonaria_USNMENT01322460	BRAC	0.00772
Ichneutes_sp1_USNMENT01322581	BRAC	0.00772
Leiophron_incerta_USNMENT01322473	BRAC	0.00772
Leiophron_sp1_USNMENT01322568	BRAC	0.00772
Leluthia_mexicana_USNMENT01322436	BRAC	0.00772
Liobracon_aquilonius_USNMENT01322616	BRAC	0.00772
Lysaphidus_sp1_USNMENT01322495	BRAC	0.00772
Lysiphlebus_sp1_USNMENT01322546	BRAC	0.00772
Macrocentrus_spA_USNMENT01322585	BRAC	0.00772
Meteorus_sp6_USNMENT01322447	BRAC	0.00772
Microctonus_sp4_USNMENT01322570	BRAC	0.00772
Microgaster_sp1_USNMENT01322451	BRAC	0.00772
Microplitis_sp2_USNMENT01322587	BRAC	0.00772
Monoctonus_sp1_USNMENT01322621	BRAC	0.00772
Nealiolus_sp1_USNMENT01322551	BRAC	0.00772
Bolivar_ornaticornis_USNMENT01322438	BRAC	0.00772
Notiospathius_terminalis_USNMENT01322437	BRAC	0.00772
Odontobracon_montanus_USNMENT01322564	BRAC	0.00772
Oenonogastra_sp1_USNMENT01322540	BRAC	0.00772
Oligoneurus_sp1_USNMENT01322580	BRAC	0.00772
Oncophanes_sp_USNMENT01322606	BRAC	0.00772
Dolopsidea_carinata_USNMENT01322605	BRAC	0.00772
Ontsira_sp1_USNMENT01322565	BRAC	0.00772
Opius_sp27_USNMENT01322597	BRAC	0.00772
Opius_sp5_USNMENT01322595	BRAC	0.00772
Orgilus_sp1_USNMENT01322598	BRAC	0.00772
Orgilus_sp4_USNMENT01322453	BRAC	0.00772
Orthostigma_sp1_USNMENT01322428	BRAC	0.00772
Pambolus_sp1_USNMENT01322600	BRAC	0.00772
Parahormius_sp1_USNMENT01322243	BRAC	0.00772
Paroligoneurus_sp1_USNMENT01322443	BRAC	0.00772
Pauesia_sp1_USNMENT01322547	BRAC	0.00772
Pentapleura_foveolata_USNMENT01322541	BRAC	0.00772
Perilitus_rutilus_USNMENT01322571	BRAC	0.00772
Peristenus_sp1_USNMENT01322569	BRAC	0.00772
Phaenocarpa_sp2_USNMENT01322542	BRAC	0.00772
Phanerotoma_sp1_USNMENT01322469	BRAC	0.00772
Pholetesor_sp1_USNMENT01322588	BRAC	0.00772
Pioscelus_borealis_USNMENT01322491	BRAC	0.00772
Polemochartus_liparae_USNMENT01322615	BRAC	0.00772
Polystenidea_parksi_USNMENT01322620	BRAC	0.00772
Praon_sp1_USNMENT01322430	BRAC	0.00772
Proterops_sp_proteroptoides_USNMENT01322444	BRAC	0.00772
Pseudognaptodon_sp1_USNMENT01322474	BRAC	0.00772
Rhaconotus_fasciatus_USNMENT01322492	BRAC	0.00772
Rhygoplitis_sp1_USNMENT01322480	BRAC	0.00772
Rhysipolis_sp1_USNMENT01322603	BRAC	0.00772
Triraphis_sp2_USNMENT01322611	BRAC	0.00772
Schizoprymnus_sp2_USNMENT01322549	BRAC	0.00772
Sigalphus_sp1_USNMENT01322498	BRAC	0.00772
Snellenius_sp1_USNMENT01322589	BRAC	0.00772
Spathius_laflammei_USNMENT01322434	BRAC	0.00772
Stantonia_sp30_USNMENT01322481	BRAC	0.00772
Stiropius_sp_USNMENT01322624	BRAC	0.00772
Syntretus_sp1_USNMENT01322572	BRAC	0.00772
Toxoneuron_viator_USNMENT01322468	BRAC	0.00772
Symphya_n_sp2_USNMENT01322254	BRAC	0.00772
Triaspis_sp1_USNMENT01322475	BRAC	0.00772
Trioxys_sp1_USNMENT01322622	BRAC	0.00772
Trioxys_sp2_USNMENT01322623	BRAC	0.00772
Triraphis_discoideus_USNMENT01322496	BRAC	0.00772
Mirax_sp1_USNMENT01322590	BRAC	0.00772
Urosigalphus_sp2_USNMENT01322614	BRAC	0.00772
Utetes_sp1_USNMENT01322452	BRAC	0.00772
Vadumasonium_sp1_USNMENT01322618	BRAC	0.00772
Vipio_sp1_USNMENT01322501	BRAC	0.00772
Wroughtonia_sp1_USNMENT01322502	BRAC	0.00772
Yelicones_delicatus_USNMENT01322497	BRAC	0.00772
Apterogyna_sp_EX572	BRAD	0.00813
Hartigia_trimaculata_USNMENT01339622	CEPH	0.0125
Janus_integer_USNMENT01339623	CEPH	0.0125
Aphanogmus_bicolor_PSUC_FEM13632	CERA	0.03289
Aphanogmus_fumipennis_PSUC_FEM17533	CERA	0.03289
Aphanogmus_steinitzi_PSUC_FEM17568	CERA	0.03289
Ceraphron_masneri_PSUC_FEM17531	CERA	0.03289
Ceraphron_sp_PSUC_FEM17529	CERA	0.03289
Ceraphron_sp1_PA_PSUC_FEM10045052	CERA	0.03289
Ceraphron_sp2_PA_PSUC_FEM10045062	CERA	0.03289
Homaloceraphron_macrophthalmus_PSUC_FEM17848	CERA	0.03289
Masner_lubomirus_PSUC_FEM13496	CERA	0.03289
Trassedia_n_sp_PSUC_FEM95969	CERA	0.03289
Blastophaga_psenes_JRAS02767_0189	CHAL	0.00645
Courtella_hladikae_JRAS01934_0189	CHAL	0.00645
Pleistodontes_sp1_JRAS00997_0189	CHAL	0.00645
Tetrapus_sp1_JRAS06126_0189	CHAL	0.00645
Aphelinus_sp1_USNMENT01231209	CHAL	0.00645
Centrodora_sp1_USNMENT01231207	CHAL	0.00645
Coccobius_sp1_USNMENT01231205	CHAL	0.00645
Coccophagus_sp1_USNMENT01231210	CHAL	0.00645
Encarsia_sp1_USNMENT01231206	CHAL	0.00645
Eretmocerus_eremicus_JSTR00476_0189	CHAL	0.00645
Ablerus_sp1_USNMENT01231208	CHAL	0.00645
Acanthochalcis_nigricans_USNMENT01322190	CHAL	0.00645
Brachymeria_sp_USNMENT01322177	CHAL	0.00645
Chalcis_barbara_USNMENT01322189	CHAL	0.00645
Dirhinus_sp_USNMENT01322191	CHAL	0.00645
Epitranus_sp_USNMENT01322192	CHAL	0.00645
Haltichella_sp_USNMENT01322193	CHAL	0.00645
Notaspidium_sp_USNMENT01322202	CHAL	0.00645
Phasgonophora_sulcata_USNMENT01322180	CHAL	0.00645
Psilochalcis_brevialata_USNMENT01322195	CHAL	0.00645
Acerophagus_sp1_USNMENT01231200	CHAL	0.00645
Anagyrus_sp1_USNMENT01231185	CHAL	0.00645
Hexacladia_sp1_USNMENT01231129	CHAL	0.00645
Oobius_primorskyensis_USNMENT01119387	CHAL	0.00645
Ooencyrtus_sp1_USNMENT01231161	CHAL	0.00645
Zaommoencyrtus_sp1_USNMENT01231139	CHAL	0.00645
Euryischomyia_sp_ANIC00102_0189	CHAL	0.00645
Promuscidea_sp_JRAS07754_0101	CHAL	0.00645
Eucharis_adscendens_JRAS07609_0189	CHAL	0.00645
Orasema_sp_JRAS03331_0101	CHAL	0.00645
Pseudometagea_sp_USNMENT01322060	CHAL	0.00645
Stilbula_cyniformis_JRAS06279_0199	CHAL	0.00645
Aprostocetus_prob_gala_USNMENT01322186	CHAL	0.00645
Elasmus_albizziae_USNMENT01322182	CHAL	0.00645
Entedon_ergias_USNMENT01322185	CHAL	0.00645
Euderus_sp_JRAS07829_0189	CHAL	0.00645
Euplectrus_sp_EX492	CHAL	0.00645
Leptocybe_invasa_USNMENT01339654	CHAL	0.00645
Ophelimus_sp_USNMENT01322529	CHAL	0.00645
Pnigalio_minio_USNMENT01322183	CHAL	0.00645
Tamarixia_radiata_USNMENT01339650	CHAL	0.00645
Anastatus_reduvii_USNMENT01322064	CHAL	0.00645
Balcha_indica_USNMENT01322062	CHAL	0.00645
Eupelmus_linearis_JRAS07601_0289	CHAL	0.00645
Eusandalum_sp_USNMENT01322070	CHAL	0.00645
Metapelma_sp_USNMENT01322173	CHAL	0.00645
Neanastatus_sp_JRAS07313_0489	CHAL	0.00645
Aiolomorphus_rhopaloides_USNMENT01322045	CHAL	0.00645
Aranedra_sp2_USNMENT01322392	CHAL	0.00645
Ausystole_sp_USNMENT01322399	CHAL	0.00645
Axima_zabriskiei_USNMENT01322046	CHAL	0.00645
Aximopsis_sp3_USNMENT01322404	CHAL	0.00645
Bephrata_sp_USNMENT01322396	CHAL	0.00645
Bephratoides_sp1_USNMENT01322049	CHAL	0.00645
Bruchodape_sp_USNMENT01322199	CHAL	0.00645
Bruchophagus_gibbus_USNMENT01339648	CHAL	0.00645
Bruchophagus_squamea_USNMENT01322377	CHAL	0.00645
Cathilaria_opuntiae_USNMENT01322360	CHAL	0.00645
Chryseida_sp6_USNMENT01339649	CHAL	0.00645
Eurytoma_fumipennis_USNMENT01322362	CHAL	0.00645
Eurytoma_n_sp_guadeloupe_USNMENT01322395	CHAL	0.00645
Eurytoma_obtusiventris_USNMENT01339653	CHAL	0.00645
Eurytoma_sp1_USNMENT01322063	CHAL	0.00645
Foutsia_philodendri_USNMENT01322394	CHAL	0.00645
Gatesina_colombiana_USNMENT01322373	CHAL	0.00645
Heimbra_opaca_USNMENT01339599	CHAL	0.00645
Heimbrella_sp_USNMENT01322371	CHAL	0.00645
Isosomodes_parkeri_USNMENT01322054	CHAL	0.00645
Khamul_erwini_USNMENT01322370	CHAL	0.00645
Macrorileya_nsp_USNMENT01339600	CHAL	0.00645
Macrorileya_oecanthi_USNMENT01322367	CHAL	0.00645
Neorileya_flavipes_USNMENT01322369	CHAL	0.00645
Paradecatoma_sp_USNMENT01322415	CHAL	0.00645
Philolema_latrodecti_USNMENT01322374	CHAL	0.00645
Phylloxeroxenus_sp_USNMENT01322207	CHAL	0.00645
Prodecatoma_cooki_USNMENT01339596	CHAL	0.00645
Prodecatomidea_sp_USNMENT01339601	CHAL	0.00645
Rileya_grisselli_USNMENT01339595	CHAL	0.00645
Sycophila_nsp_USNMENT01322053	CHAL	0.00645
Systole_sp_prob_albipennis_USNMENT01322069	CHAL	0.00645
Tenuipetiolus_ruber_USNMENT01322382	CHAL	0.00645
Tetramesa_romana_USNMENT01322405	CHAL	0.00645
Leucospis_affinis_USNMENT01322176	CHAL	0.00645
Bootanomyia_stigmatizans_GDEL03057_0101	CHAL	0.00645
Chromeurytoma_sp_ANIC00037_0189	CHAL	0.00645
Megastigmus_transvaalensis_USNMENT01322090	CHAL	0.00645
Ormyrus_salmanticus_JRAS06480_1789	CHAL	0.00645
Ormyrus_sp1_USNMENT01322082	CHAL	0.00645
Aperilampus_sp_JRAS07798_0101	CHAL	0.00645
Chrysolampus_sp_ANIC00035_0189	CHAL	0.00645
Monacon_sp_JRAS07775_0189	CHAL	0.00645
Perilampus_hyalinus_USNMENT01322083	CHAL	0.00645
Steffanolampus_sp_USNMENT01322084	CHAL	0.00645
Anidarnes_nsp_JRAS06087_0389	CHAL	0.00645
Asaphes_vulgaris_JRAS07609_0389	CHAL	0.00645
Ausasaphes_sp_USNMENT01322072	CHAL	0.00645
Cea_pulicaris_JRAS07600_0189	CHAL	0.00645
Chalcedectus_sp_USNMENT01322096	CHAL	0.00645
Cleonymus_sp_JRAS07458_0689	CHAL	0.00645
Coelocyboides_sp_USNMENT01322071	CHAL	0.00645
Colotrechnus_ignotus_USNMENT01322101	CHAL	0.00645
Dipara_sp_JRAS07460_0289	CHAL	0.00645
Erotolepsia_sp01_JRAS07552_0589	CHAL	0.00645
Eunotus_acutatus_JRAS07602_1001	CHAL	0.00645
Eutrichosoma_mirabile_USNMENT01322104	CHAL	0.00645
Halticoptera_patellana_JRAS01314_1701	CHAL	0.00645
Herbertia_sp_JRAS07575_0189	CHAL	0.00645
Idarnes_incertus_JRAS06107_0389	CHAL	0.00645
Josephiella_microcarpae_JRAS06552_0189	CHAL	0.00645
Lelaps_sp_USNMENT01322099	CHAL	0.00645
Macroglenes_penetrans_USNMENT01322098	CHAL	0.00645
Nasonia_vitripennis_USNMENT01322105	CHAL	0.00645
Neosycophila_sp_JRAS06679_0289	CHAL	0.00645
Oglobinisca_sp_JRAS07790_0201	CHAL	0.00645
Oodera_sp_USNMENT01322179	CHAL	0.00645
Otitesella_ako_JRAS02384_0398	CHAL	0.00645
Perilampella_sp_ANIC00063_0189	CHAL	0.00645
Philotrypesis_sp_JRAS05463_0289	CHAL	0.00645
Pteromalus_puparum_USNMENT01322091	CHAL	0.00645
Scutellista_caerulea_USNMENT01322102	CHAL	0.00645
Spalangia_sp_JRAS06352_0289_0289	CHAL	0.00645
Systasis_sp_USNMENT01322057	CHAL	0.00645
Teasienna_sp_USNMENT01322107	CHAL	0.00645
Theocolax_elegans_USNMENT01322095	CHAL	0.00645
Chartocerus_sp_JRAS07600_0201	CHAL	0.00645
Clytina_giraudi_JRAS07820_0189	CHAL	0.00645
Signiphora_sp_JRAS07789_0189	CHAL	0.00645
Tanaostigma_stanleyi_USNMENT01322081	CHAL	0.00645
Tanaostigmodes_albiclavus_USNMENT01322080	CHAL	0.00645
Tetracampe_sp_JRAS07821_0101	CHAL	0.00645
Chalcimerus_borceai_JRAS01317_0301	CHAL	0.00645
Glyphomerus_stigma_JRAS05562_0599	CHAL	0.00645
Monodontomerus_sp2_USNMENT01322181	CHAL	0.00645
Palmon_sp_USNMENT01322085	CHAL	0.00645
Physothorax_pallidus_USNMENT01322087	CHAL	0.00645
Podagrionella_sp_USNMENT01322086	CHAL	0.00645
Torymoides_sulcius_USNMENT01322088	CHAL	0.00645
Torymus_sp_USNMENT01322178	CHAL	0.00645
Mirufens_longicauda_JRAS07597_0501	CHAL	0.00645
Pseudoligosita_gracilior_JRAS07625_0489	CHAL	0.00645
Polistomorpha_fasciata_JRAS07624_0301	CHAL	0.00645
Anagrus_sp_USNMENT01322527	CHAL	0.00645
Cnecomymar_sp_USNMENT01322528	CHAL	0.00645
Cosmocomoidea_morrilli_USNMENT01322077	CHAL	0.00645
Erythmelus_sp2_USNMENT01339651	CHAL	0.00645
Polynema_near_needhami_USNMENT01322078	CHAL	0.00645
Chiloe_micropteron_JRAS07627_0189	CHAL	0.00645
Argochrysis_armilla_EX434	CHRY	0.0012
Chrysis_sp_EX561	CHRY	0.0012
Loboscelidia_sp_EX554	CHRY	0.0012
CHYP_Chyphotes_mellipes_HPG7	CHYP	0.03077
CHYP_Chyphotes_sp_EX553	CHYP	0.03077
Callomelitta_antipodes_BND687	COLL	0.00314
Caupolicana_yarrowi_BND654	COLL	0.00314
Colletes_dimidiatus_BND283	COLL	0.00314
Euryglossa_ephippiata_BND691	COLL	0.00314
Hylaeus_elegans_BND1310	COLL	0.00314
Neopasiphae_mirabilis_BND1312	COLL	0.00314
Scrapter_heterodoxus_BND904	COLL	0.00314
Xanthesma_furcifera_BND710	COLL	0.00314
Oxybelus_analis_EX443	CRAB	0.00103
Pison_chilense_BND1250	CRAB	0.00103
Plenoculus_cockerelli_BND809	CRAB	0.00103
Tachysphex_alayoi_EX402	CRAB	0.00103
Trypoxylon_sp_EX403	CRAB	0.00103
Acraspis_villosa_USNMENT01322264	CYNI	0.02013
Ampibolips_hidalgoensis_USNMENT01339676	CYNI	0.02013
Andricus_lucidus_USNMENT01322256	CYNI	0.02013
Andricus_quercusoperator_USNMENT01322298	CYNI	0.02013
Andricus_sp_USNMENT00877721	CYNI	0.02013
Antistrophus_minor_USNMENT01322280	CYNI	0.02013
Aphelonix_persica_USNMENT01322296	CYNI	0.02013
Atrusca_bella_USNMENT00892683	CYNI	0.02013
Aulacidea_hieracii_USNMENT01322279	CYNI	0.02013
Aylax_salviae_USNMENT01322277	CYNI	0.02013
Callirhytis_eldoradensis_USNMENT00893402	CYNI	0.02013
Ceroptres_sp_USNMENT01322294	CYNI	0.02013
Cynips_plumbea_USNMENT01322300	CYNI	0.02013
Diastrophus_turgidus_USNMENT01322311	CYNI	0.02013
Disholcaspis_quercusmamma_EX579	CYNI	0.02013
Dryocosmus_rileypokei_USNMENT01322317	CYNI	0.02013
Holocynips_hartmani_USNMENT01322321	CYNI	0.02013
Isocolcus_scabiosae_USNMENT01322273	CYNI	0.02013
Neuroterus_distortus_USNMENT01322326	CYNI	0.02013
Periclistus_sp1_USNMENT01322291	CYNI	0.02013
Phanacis_sp_USNMENT00653613	CYNI	0.02013
Plagiotrochus_suburi_USNMENT01322345	CYNI	0.02013
Rhoophilus_loewi_USNMENT01322293	CYNI	0.02013
Synergus_sp_USNMENT01322283	CYNI	0.02013
Synophromorpha_sylvestris_USNMENT01322282	CYNI	0.02013
Synophrus_pilulae_USNMENT00961203	CYNI	0.02013
Zapatella_davisae_USNMENT01322330	CYNI	0.02013
Aclista_sp_USNMENT01322344	DIAP	0.00722
Basalys_sp_USNMENT01322288	DIAP	0.00722
Belyta_sp_USNMENT01322343	DIAP	0.00722
Cinetus_sp_USNMENT01322342	DIAP	0.00722
Coptera_sp_USNMENT01322289	DIAP	0.00722
Diapria_conica_USNMENT01322287	DIAP	0.00722
Entomacis_sp_EX486	DIAP	0.00722
Miota_sp_USNMENT01322341	DIAP	0.00722
Pantoclis_sp_USNMENT01322340	DIAP	0.00722
Paramesius_sp_USNMENT01322286	DIAP	0.00722
Propsilomma_columbianum_USNMENT01322336	DIAP	0.00722
Spilomicrus_sp_USNMENT01322337	DIAP	0.00722
Trichopria_sp_USNMENT01322335	DIAP	0.00722
Zygota_sp_USNMENT01322354	DIAP	0.00722
Ismarus_sp_USNMENT01197715	DIAP	0.00722
Diplolepis_bicolor_USNMENT01322275	DIPL	0.01613
Deinodryinus_atriventris_EX475	DRYI	0.00062
Embolemidae_sp_EX483	EMBO	0.02564
Eschatocerus_niger_USNMENT01322270	ESCH	0.33333
Brachygaster_BRV003_PSUC_FEM188507	EVAN	0.01559
Evania_albofacialis_PSUC_FEM188504	EVAN	0.01559
Evaniella_semaeoda_USNMENT01322217	EVAN	0.01559
Hyptia_harpyoides_USNMENT01339668	EVAN	0.01559
Micrevania_DERV064_PSUC_FEM188505	EVAN	0.01559
Szepligetella_DERV047_PSUC_FEM188503	EVAN	0.01559
Zeuxevania_sp_PSUC_FEM188508	EVAN	0.01559
Acanthaegilips_brasiliensis_USNMENT01339636	FIGI	0.0258
Aegilips_sp3_USNMENT01339647	FIGI	0.0258
Alloxysta_sp1_USNMENT01339609	FIGI	0.0258
Anacharis_sp_USNMENT01339612	FIGI	0.0258
Apocharips_trapezoidea_USNMENT01322156	FIGI	0.0258
Aspicera_hartigi_USNMENT01322148	FIGI	0.0258
Aegilips_chilensis_USNMENT01339639	FIGI	0.0258
Dilyta_sp1_USNMENT01339646	FIGI	0.0258
Euceroptres_montanus_USNMENT01322161	FIGI	0.0258
Figites_sp_USNMENT01322163	FIGI	0.0258
Ganaspis_brasiliensis_USNMENT01339685	FIGI	0.0258
Ganaspis_sp2_USNMENT01339603	FIGI	0.0258
Gronotoma_sp_USNMENT00877589	FIGI	0.0258
Hexacharis_flavipes_USNMENT01339633	FIGI	0.0258
Kleidotoma_sp1_USNMENT01339641	FIGI	0.0258
Leptolamina_ponapenis_USNMENT01339637	FIGI	0.0258
Leptopilina_japonica_USNMENT01339619	FIGI	0.0258
Lonchidia_sp1_USNMENT01339616	FIGI	0.0258
Lytoxysta_brevipalpus_USNMENT01322157	FIGI	0.0258
Melanips_sp_USNMENT01322150	FIGI	0.0258
Mikeius_hartigi_USNMENT01322169	FIGI	0.0258
Myrtopsen_mimosae_USNMENT01322134	FIGI	0.0258
Nordlandiella_semirufa_USNMENT01339644	FIGI	0.0258
Odonteucoila_sp1_USNMENT01339643	FIGI	0.0258
Omalaspis_sp_USNMENT01322151	FIGI	0.0258
Paraspicera_sp_USNMENT01322152	FIGI	0.0258
Parnips_nigripes_USNMENT01322129	FIGI	0.0258
Phaenoglyphis_sp1_USNMENT01339640	FIGI	0.0258
Plectocynips_pilosus_USNMENT01322170	FIGI	0.0258
Rhoptromeris_sp1_USNMENT01339642	FIGI	0.0258
Sarothrus_sp2_USNMENT01339611	FIGI	0.0258
Scutimica_sp_USNMENT01322133	FIGI	0.0258
Striatovertex_sp_USNMENT00653899	FIGI	0.0258
Thoreauella_sp1_USNMENT01339615	FIGI	0.0258
Trichoplasta_sp1_USNMENT01339635	FIGI	0.0258
Trybliographa_sp_USNMENT00877722	FIGI	0.0258
Tylosema_dayae_USNMENT01322132	FIGI	0.0258
Xyalaspis_sp_USNMENT01339604	FIGI	0.0258
Xyalophora_sp1_USNMENT01339617	FIGI	0.0258
Zaeucoila_robusta_USNMENT01339614	FIGI	0.0258
Heteribalia_sp_USNMENT01339673	FIGI	0.0258
Ibalia_anceps_USNMENT00653903	FIGI	0.0258
Oberthuerella_lenticularis_USNMENT01322285	FIGI	0.0258
Paramblynotus_virginianus_USNMENT01339638	FIGI	0.0258
Pseudibalia_sp_USNMENT01339677	FIGI	0.0258
Aphaenogaster_megommata_EX379	FORM	0.0005
Formica_moki_T765	FORM	0.0005
Pogonomyrmex_occidentalis_EX377	FORM	0.0005
Rhytidoponera_chalybaea_T000	FORM	0.0005
Sericomyrmex_harekuli_HPG9	FORM	0.0005
Stenamma_megamanni_EX368	FORM	0.0005
Stigmatomma_oregonense_EX435	FORM	0.0005
Gasteruption_assectator_USNMENT01322227	GAST	0.00403
Gasteruption_tarsatorium_USNMENT01339671	GAST	0.00403
Agapostemon_tyleri_BND222	HALI	0.00162
Augochloropsis_metallica_EX397	HALI	0.00162
Dieunomia_nevadensis_BND1112	HALI	0.00162
Halictus_ligatus_sayi_EX395	HALI	0.00162
Rophites_algirus_BND972	HALI	0.00162
Sphecodes_persimilis_BND559	HALI	0.00162
Thrinchostoma_perineti_BND1247	HALI	0.00162
Helorus_ruficornis_USNMENT0653897	HELO	0.1
Heterogyna_nocticola_BND1290	HETE	0.125
Absyrtus_sp_BS_UCE_Ich386	ICHN	0.00601
Acrolyta_sp_BS_UCE_Ich122	ICHN	0.00601
Acrotaphus_wiltii_BS_UCE_Ich319	ICHN	0.00601
Adelognathus_sp_BS_UCE_Ich181	ICHN	0.00601
Agonocryptus_brevicauda_BS_UCE_Ich581	ICHN	0.00601
Agonocryptus_physocnemis_BS_UCE_Ich001	ICHN	0.00601
Agriotypus_armatus_BS_UCE_Ich182	ICHN	0.00601
Allophrys_n_sp_BS_UCE_Ich339	ICHN	0.00601
Alloplasta_superba_BS_UCE_Ich312	ICHN	0.00601
Alomya_debellator_BS_UCE_Ich201	ICHN	0.00601
Alophophion_sp_BS_UCE_Ich327	ICHN	0.00601
Anomalon_sp_BS_UCE_Ich336B	ICHN	0.00601
Aperileptus_sp_BS_UCE_Ich495	ICHN	0.00601
Arotes_melleus_BS_UCE_Ich301	ICHN	0.00601
Astrenis_sp_BS_UCE_Ich443	ICHN	0.00601
Ateleute_sp_BS_UCE_Ich183	ICHN	0.00601
Atopotrophus_bucephalus_BS_UCE_Ich434	ICHN	0.00601
Atractodes_sp_BS_UCE_Ich154	ICHN	0.00601
Barycnemis_sp_BS_UCE_Ich489	ICHN	0.00601
Barylypa_sp_BS_UCE_Ich478	ICHN	0.00601
Brachycyrtus_ornatus_BS_UCE_Ich187	ICHN	0.00601
Buathra_laborator_BS_UCE_Ich019	ICHN	0.00601
Calliephialtes_ferrugineus_BS_UCE_Ich375	ICHN	0.00601
Campoletis_sonorensis_BS_UCE_Ich188	ICHN	0.00601
Casinaria_sp_BS_UCE_Ich436	ICHN	0.00601
Cestrus_arcuatus_BS_UCE_Ich003	ICHN	0.00601
Charops_sp_BS_UCE_Ich455	ICHN	0.00601
Chirotica_sp_BS_UCE_Ich476	ICHN	0.00601
Chlorocryptus_purpuratus_BS_UCE_Ich020	ICHN	0.00601
Cidaphus_sp_BS_UCE_Ich385	ICHN	0.00601
Clasis_n_sp_BS_UCE_Ich189	ICHN	0.00601
Clatha_sp_BS_UCE_Ich461	ICHN	0.00601
Coleocentrus_rufus_BS_UCE_Ich379	ICHN	0.00601
Collyria_coxator_BS_UCE_Ich384	ICHN	0.00601
Cryptophion_inaequalipes_BS_UCE_Ich445	ICHN	0.00601
Cryptopimpla_quadrilineata_jocosa_BS_UCE_Ich343	ICHN	0.00601
Crytea_albitrochnaterata_BS_UCE_Ich228	ICHN	0.00601
Cylloceria_melancholica_BS_UCE_Ich381	ICHN	0.00601
Cymodusa_distincta_BS_UCE_Ich466	ICHN	0.00601
Deleboea_sp_BS_UCE_Ich186	ICHN	0.00601
Diacritus_muliebris_BS_UCE_Ich311	ICHN	0.00601
Dicamptus_sp_BS_UCE_Ich454	ICHN	0.00601
Digonocryptus_narratorius_BS_UCE_Ich072	ICHN	0.00601
Diplazon_laetatorius_BS_UCE_Ich322	ICHN	0.00601
Dolichomitus_sp_BS_UCE_Ich308	ICHN	0.00601
Dusona_sp_BS_UCE_Ich410	ICHN	0.00601
Echthromorpha_agrestoria_BS_UCE_Ich335	ICHN	0.00601
Echthrus_reluctator_BS_UCE_Ich117	ICHN	0.00601
Eiphosoma_sp_BS_UCE_Ich190	ICHN	0.00601
Endasys_sp_BS_UCE_Ich131	ICHN	0.00601
Enicospilus_sp_BS_UCE_Ich570	ICHN	0.00601
Enizemum_sp_BS_UCE_Ich481	ICHN	0.00601
Ephialtes_sp_BS_UCE_Ich584	ICHN	0.00601
Erigorgus_sp_BS_UCE_Ich465	ICHN	0.00601
Erythrodolius_sp_BS_UCE_Ich397	ICHN	0.00601
Ethelurgus_nigriventris_BS_UCE_Ich165	ICHN	0.00601
Euceros_sp_BS_UCE_Ich191	ICHN	0.00601
Meniscomorpha_sp_BS_UCE_Ich318	ICHN	0.00601
Eusterinx_oligomera_BS_UCE_Ich348	ICHN	0.00601
Eutanygaster_sp_BS_UCE_Ich412	ICHN	0.00601
Excavarus_annulipes_BS_UCE_Ich382	ICHN	0.00601
Exochus_izbus_BS_UCE_Ich391	ICHN	0.00601
Gavrana_sp_BS_UCE_Ich203	ICHN	0.00601
Gelis_sp_BS_UCE_Ich134	ICHN	0.00601
Glypta_sp_BS_UCE_Ich304	ICHN	0.00601
Gnypetomorpha_sp_BS_UCE_Ich166	ICHN	0.00601
Grotea_sp_BS_UCE_Ich367	ICHN	0.00601
Helictes_sp_BS_UCE_Ich324	ICHN	0.00601
Hedycryptus_rufiopetiolatus_BS_UCE_Ich023	ICHN	0.00601
Heteropelma_datanae_BS_UCE_Ich479	ICHN	0.00601
Homotropus_sp_BS_UCE_Ich482	ICHN	0.00601
Hybrizon_rileyi_BS_UCE_Ich316	ICHN	0.00601
Ichneumon_bucculentus_BS_UCE_Ich233	ICHN	0.00601
Klutiana_sp_BS_UCE_Ich388	ICHN	0.00601
Labena_grallator_BS_UCE_Ich192	ICHN	0.00601
Lanugo_schlingeri_BS_UCE_Ich015	ICHN	0.00601
Leptobatopsis_sp_BS_UCE_Ich462	ICHN	0.00601
Linycus_exhortator_BS_UCE_Ich213	ICHN	0.00601
Liojoppa_aff_centralis_BS_UCE_Ich296	ICHN	0.00601
Lissopimpla_sp_BS_UCE_Ich448	ICHN	0.00601
Lycorina_fici_BS_UCE_Ich400	ICHN	0.00601
Macrojoppa_bogotensis_BS_UCE_Ich263	ICHN	0.00601
Mansa_sp_BS_UCE_Ich105	ICHN	0.00601
Megarhyssa_atrata_BS_UCE_Ich310	ICHN	0.00601
Megastylus_sp_BS_UCE_Ich475	ICHN	0.00601
Melalophacharops_sp_BS_UCE_Ich449	ICHN	0.00601
Mesochorus_sp_BS_UCE_Ich334B	ICHN	0.00601
Mesoleptidea_sp_BS_UCE_Ich487	ICHN	0.00601
Messatoporus_discoidalis_BS_UCE_Ich087	ICHN	0.00601
Metopius_sp_BS_UCE_Ich333B	ICHN	0.00601
Microcharops_sp_BS_UCE_Ich406	ICHN	0.00601
Microleptes_sp_BS_UCE_Ich196	ICHN	0.00601
Mnioes_sp_BS_UCE_Ich500	ICHN	0.00601
Neorhacodes_brevicauda_BS_UCE_Ich441	ICHN	0.00601
Neotheronia_sp_BS_UCE_Ich317	ICHN	0.00601
Neoxorides_caryae_BS_UCE_Ich376	ICHN	0.00601
Nesolinoceras_laluzbrillante_BS_UCE_Ich009	ICHN	0.00601
Netelia_sp_BS_UCE_Ich199	ICHN	0.00601
Odontocolon_albotibiale_BS_UCE_Ich200	ICHN	0.00601
Oedemopsis_sp_BS_UCE_Ich352	ICHN	0.00601
Ophion_sp_BS_UCE_Ich571	ICHN	0.00601
Orthocentrus_sp_BS_UCE_Ich306	ICHN	0.00601
Oxytorus_sp_BS_UCE_Ich366	ICHN	0.00601
Pachysomoides_fulvus_BS_UCE_Ich078	ICHN	0.00601
Phaeogenes_sp_BS_UCE_Ich212	ICHN	0.00601
Phobocampe_clisiocampae_BS_UCE_Ich344	ICHN	0.00601
Phygadeuon_sp_BS_UCE_Ich140	ICHN	0.00601
Phytodietus_pleuralis_BS_UCE_Ich315	ICHN	0.00601
Pimpla_aequalis_BS_UCE_Ich198	ICHN	0.00601
Platymystax_sp_BS_UCE_Ich107	ICHN	0.00601
Pleolophus_basizonus_BS_UCE_Ich113	ICHN	0.00601
Podogaster_cf_BS_UCE_Ich421	ICHN	0.00601
Polyblastus_sp_BS_UCE_Ich488	ICHN	0.00601
Hidryta_fusiventris_C0492	ICHN	0.00601
Pristomerus_sp_BS_UCE_Ich413	ICHN	0.00601
Proclitus_fulvicornis_BS_UCE_Ich355	ICHN	0.00601
Pygocryptus_erugatus_BS_UCE_Ich139	ICHN	0.00601
Rhyssella_nitida_BS_UCE_Ich378	ICHN	0.00601
Rothneyia_sp_BS_UCE_Ich458	ICHN	0.00601
Schenkia_sp_BS_UCE_Ich110	ICHN	0.00601
Scolomus_clypeatus_BS_UCE_Ich328	ICHN	0.00601
Setanta_sp_BS_UCE_Ich267	ICHN	0.00601
Skiapus_coalescens_BS_UCE_Ich463	ICHN	0.00601
Spliopteron_occiputale_BS_UCE_Ich313	ICHN	0.00601
Stenarella_insidiator_BS_UCE_Ich059	ICHN	0.00601
Stenichneumon_culpator_BS_UCE_Ich238	ICHN	0.00601
Stenomacrus_sp_BS_UCE_Ich499	ICHN	0.00601
Stilbops_vetulus_BS_UCE_Ich423	ICHN	0.00601
Tamaulipeca_nsp_BS_UCE_Ich185	ICHN	0.00601
Therion_sp_BS_UCE_Ich403	ICHN	0.00601
Theronia_sp_BS_UCE_Ich435	ICHN	0.00601
Thyreodon_sp_BS_UCE_Ich383	ICHN	0.00601
Trathala_n_sp_BS_UCE_Ich408	ICHN	0.00601
Trematopygodes_rufipectus_BS_UCE_Ich345	ICHN	0.00601
Trematopygus_sp_BS_UCE_Ich468	ICHN	0.00601
Trichomma_cf_BS_UCE_Ich452	ICHN	0.00601
Triclistus_crassus_BS_UCE_Ich334B	ICHN	0.00601
Trieces_sp_BS_UCE_Ich392	ICHN	0.00601
Trogomorpha_trogiformis_BS_UCE_Ich205	ICHN	0.00601
Trychosis_exulans_BS_UCE_Ich097	ICHN	0.00601
Venturia_sp_BS_UCE_Ich450	ICHN	0.00601
Vulgichneumon_sp_BS_UCE_Ich207	ICHN	0.00601
Xanthocampoplex_sp_BS_UCE_Ich460	ICHN	0.00601
Xiphosomella_sp_BS_UCE_Ich409	ICHN	0.00601
Xorides_sp_BS_UCE_Ich309	ICHN	0.00601
Zaglyptus_varipes_BS_UCE_Ich349	ICHN	0.00601
Dioxys_pomonae_BND1152	MEGACH	0.00146
Heriades_leavitti_EX394	MEGACH	0.00146
Lithurgus_pullatus_BND1030	MEGACH	0.00146
Megichile_exilis_EX393	MEGACH	0.00146
Pararhophites_orobinus_BND1424	MEGACH	0.00146
Trachusa_larreae_BND1144	MEGACH	0.00146
Megalyridae_sp_USNMENT01339662	MEGALY	0.02326
Conostigmus_abdominalis_PSUC_FEM17567	MEGASP	0.03344
Conostigmus_crassicornis_PSUC_FEM13461	MEGASP	0.03344
Conostigmus_fasciatipennis_NCSU43309	MEGASP	0.03344
Creator_spissicornis_PSUC_FEM13530	MEGASP	0.03344
Dendrocerus_acrossopteryx_UCFC0028895	MEGASP	0.03344
Dendrocerus_aphidum_NCSU0016853	MEGASP	0.03344
Dendrocerus_mexicali_PSUC_FEM86151	MEGASP	0.03344
Holophleps_sp_PSUC_FEM146688	MEGASP	0.03344
Lagynodes_crassicornis_PSUC_FEM13564	MEGASP	0.03344
Megaspilus_armatus_PSUC_FEM13531	MEGASP	0.03344
Capicola_richtersveldensis_BND941	MELL	0.02674
Dasypoda_visnaga_BND977	MELL	0.02674
Macropis_europaea_BND980	MELL	0.02674
Meganomia_binghami_BND1026	MELL	0.02674
Melitta_arrogans_BND943	MELL	0.02674
Monomachus_sp_USNMENT01322359	MONO	0.03333
Dasylabris_sp_EX559	MUTI	0.00209
Dasymutilla_sackenii_EX569	MUTI	0.00209
Ephuta_rufisquamis_EX573	MUTI	0.00209
Mutilla_sp_EX563	MUTI	0.00209
Odontomutilla_sp_EX556	MUTI	0.00209
Rhopalomutilla_sp_EX564	MUTI	0.00209
Smicromyrmilla_sp_EX567	MUTI	0.00209
Sphaeropthalma_orestes_EX436	MUTI	0.00209
Trogaspidia_sp_EX574	MUTI	0.00209
Mymaromma_anomalum_JRAS07601_0189	MYMO	0.1
Myrmosa_sp_EX575	MYRM	0.02
Orussus_minutus_USNMENT01339621	ORUS	0.02222
Orussus_terminalis_USNMENT01339620	ORUS	0.02222
Onycholyda_luteicornis_USNMENT01339624	PAMP	0.00687
Pamphilius_pullatus_USNMENT01339625	PAMP	0.00687
Cecinothofagus_ibarrai_USNMENT01322269	PARA	0.33333
Paraulax_quelensis_USNMENT01322268	PARA	0.33333
Pediaspis_aceris_USNMENT01339590	PEDI	0.5
Pelecinus_sp_EX451	PELE	0.33333
Pluto_argentifrons_EX448	PEMP	0.00373
Pulverro_boharti_BND1663	PEMP	0.00373
Acordulecera_pellucida_USNMENT01322225	PERG	0.00452
Lophyrotoma_zonalis_USNMENT01339631	PERG	0.00452
Cerceris_hatuey_EX444	PHIL	0.00262
Clypeadon_haigi_BND819	PHIL	0.00262
Philanthus_gibbosus_BND827	PHIL	0.00262
Aceroteta_sp_USNMENT01197068	PLAT	0.00613
Alfredella_sp_USNMENT01197967	PLAT	0.00613
Allostemma_sp_USNMENT01335756	PLAT	0.00613
Amblyaspis_sp_USNMENT01223891	PLAT	0.00613
Amitus_sp_USNMENT01223842	PLAT	0.00613
Annettella_sp_USNMENT01197959	PLAT	0.00613
Aphanomerus_sp_USNMENT01109890	PLAT	0.00613
Austromerus_sp_USNMENT01197939	PLAT	0.00613
Calomerella_sp_USNMENT01197842	PLAT	0.00613
Fidiobia_sp_USNMENT01223772	PLAT	0.00613
Gastrotrypes_sp_USNMENT01223878	PLAT	0.00613
Inostemma_sp_USNMENT01335757	PLAT	0.00613
Iphitrachelus_sp_USNMENT01335755	PLAT	0.00613
Isolia_sp_OSUC_698060	PLAT	0.00613
Leptacis_sp_USNMENT01223928	PLAT	0.00613
Magellanium_sp_USNMENT01197849	PLAT	0.00613
Metaclisis_sp_USNMENT01197956	PLAT	0.00613
Nanomerus_spinulus_USNMENT01197953	PLAT	0.00613
Piestopleura_sp_USNMENT01223801	PLAT	0.00613
Platygaster_sp_USNMENT01335753	PLAT	0.00613
Platygaster_sp_USNMENT01335833	PLAT	0.00613
Proplatygaster_sp_USNMENT01109879	PLAT	0.00613
Synopeas_sp_USNMENT01223783	PLAT	0.00613
Tetrabaeus_sp_USNMENT01197878	PLAT	0.00613
Trissolcus_sp_USNMENT01223831	PLAT	0.00613
Zelandonota_sp_USNMENT01109898	PLAT	0.00613
Zelostemma_sp_USNMENT01109896	PLAT	0.00613
Archaeoteleia_mellea_OSUC_203348	PLAT	0.00613
Janzenella_innupta_OSUC_264384	PLAT	0.00613
Neuroscelio_doddi_OSUC_0147252	PLAT	0.00613
Nixonia_watshami_USNMENT01109338	PLAT	0.00613
Paridris_minator_USNMENT01322139	PLAT	0.00613
Sparasion_cullaris_USNMENT01322137	PLAT	0.00613
Plumarius_sp_EX550	PLUM	0.04545
Aporus_niger_HPG6	POMP	0.00082
Auplopus_sp_EX549	POMP	0.00082
Pepsis_grossa_EX437	POMP	0.00082
Pompilidae_sp_EX407	POMP	0.00082
Pompilidae_sp_USNMENT01339591	POMP	0.00082
Afroserphus_masneri_USNMENT00896672	PROC	0.01241
Codrus_sp_USNMENT01322353	PROC	0.01241
Exallonyx_sp_USNMENT01322352	PROC	0.01241
Phaenoserphus_sp_USNMENT00764821	PROC	0.01241
Proctotrupes_sp1_USNMENT01322351	PROC	0.01241
Olixon_sp_BS_UCE_Rhop1	RHOP	0.02778
Rhopalosoma_nearcticum_EX457	RHOP	0.02778
Ropronia_garmani_USNMENT0653896	ROPR	0.05
Sapyga_pumila_HPG8	SAPY	0.0303
Sapyga_sp_EX466	SAPY	0.0303
Sclerogibbidae_sp_EX566	SCLE	0.05
Proscolia_sp_EX568	SCOL	0.00536
Scolia_verticalis_HPG11	SCOL	0.00536
Scoliinae_sp_EX577	SCOL	0.00536
Sierolomorpha_sp_EX471	SIER	0.09091
Sirex_noctilio_USNMENT01339665	SIRI	0.01802
Tremex_columba_USNMENT01322218	SIRI	0.01802
Prionyx_canadensis_BND831	SPHE	0.00967
Ammophila_cybele_EX406	SPHE	0.00967
Chalybion_californicus_HPG12	SPHE	0.00967
Chlorion_aerarium_BND837	SPHE	0.00967
Prionyx_thomae_EX404	SPHE	0.00967
Sceliphron_caementarium_EX439	SPHE	0.00967
Sphex_jamaicensis_EX405	SPHE	0.00967
Ctenocolletes_albomarginatus_BND1320	STEN	0.04762
Megischus_mexicanus_USNMENT01339669	STEP	0.00585
Megischus_sp_USNMENT01322262	STEP	0.00585
Abia_lonicerae_USNMENT01322220	TENT	0.00211
Athalia_sp_USNMENT01339632	TENT	0.00211
Cladius_difformis_USNMENT01322223	TENT	0.00211
Heptamelus_dahlbomi_USNMENT01339629	TENT	0.00211
Lagium_atroviolaceum_USNMENT01322219	TENT	0.00211
Macrophya_trisyllaba_USNMENT01322226	TENT	0.00211
Nematus_tibialis_HPG2	TENT	0.00211
Pachynematus_corniger_USNMENT01322228	TENT	0.00211
Paracharactus_rudis_USNMENT01322222	TENT	0.00211
Taxonus_pallipes_USNMENT01322231	TENT	0.00211
Thrinax_dubitata_USNMENT01322221	TENT	0.00211
Waldheimia_carbonaria_USNMENT01322216	TENT	0.00211
Myzinum_sp_EX576	THYN	0.003
Thyninnae_sp_EX565	THYN	0.003
Methoca_sp_EX570	THYN	0.003
Brachycistis_timberlakei_EX440	TIPH	0.003
Colocistis_eremi_EX558	TIPH	0.003
Tiphia_sp_EX571	TIPH	0.003
Orthogonalys_pulchella_USNMENT01322215	TRIG	0.03261
Taeniogonalos_gundlachii_USNMENT01339670	TRIG	0.03261
Vanhornia_eucnemidarum_EX498	VANH	0.2
Metapolybia_cingulata_HPG10	VESP	0.00142
Mischocyttarus_mexicanus_EX398	VESP	0.00142
Pachodynerus_alayoi_EX400	VESP	0.00142
Parancistrocerus_bacu_EX401	VESP	0.00142
Polistes_poeyi_EX399	VESP	0.00142
Pseudomasaris_vespoides_EX442	VESP	0.00142
Vespa_sp_EX578	VESP	0.00142
Xiphydria_maculata_USNMENT01339666	XIPH	0.0137
Xiphydria_maculata_USNMENT01339667	XIPH	0.0137
Xyela_bakeri_USNMENT01322230	XYEL	0.03175
Xyela_sp_EX453	XYEL	0.03175